price,brand,model,year,title_status,mileage,color,vin,lot,state,country,condition
19990,ford,doors,2016,clean vehicle,23796.0,black,  1fa6p8th6g5218050,167653386,connecticut, usa,11 days left
34400,ford,max,2019,clean vehicle,42506.0,gray,  1fmjk1ht4kea17579,167801395,florida, usa,2 days left
30999,ford,doors,2016,clean vehicle,6249.0,shadow black,  1fa6p8cf1g5209884,167653387,connecticut, usa,11 days left
41000,ford,expedition,2019,clean vehicle,47496.0,black,  1fmju1kt8kea27843,167801396,florida, usa,2 days left
27999,ford,doors,2016,clean vehicle,10700.0,gray,  1fa6p8cf8g5263621,167653388,massachusetts, usa,11 days left
42000,ford,expedition,2019,clean vehicle,39604.0,black,  1fmju1kt7kea17627,167801398,florida, usa,2 days left
8000,ford,cutaway,2013,salvage insurance,250831.0,color:,  1fdfe4fs4dda28874,167530369,new jersey, usa,16 hours left
29795,ford,doors,2016,clean vehicle,7275.0,triple yellow tri-coat,  1fa6p8cf2g5223518,167653389,connecticut, usa,11 days left
24700,ford,edge,2019,clean vehicle,8806.0,black,  2fmpk4j94kbc24835,167801399,florida, usa,4 hours left
13995,ford,doors,2016,clean vehicle,105115.0,gray,  1fa6p8th8g5255908,167653390,new jersey, usa,11 days left
2900,ford,door,2015,clean vehicle,57340.0,silver,  3fadp4aj6fm132638,167736495,florida, usa,2 days left
35400,ford,max,2019,clean vehicle,36167.0,white,  1fmjk1ht1kea42603,167801400,florida, usa,2 days left
24549,ford,doors,2016,clean vehicle,44941.0,shadow black,  1fatp8ffxg5291869,167653391,new york, usa,11 days left
8900,ford,door,2014,clean vehicle,53102.0,silver,  1fmcu0gx4eub39564,167736849,florida, usa,1 days left
15800,ford,escape,2019,clean vehicle,26637.0,black,  1fmcu0gd4kub08736,167801402,florida, usa,2 days left
18500,ford,doors,2016,clean vehicle,45814.0,black,  1fa6p8thxg5208671,167653515,new york, usa,11 days left
32000,ford,f-150,2019,clean vehicle,17310.0,red,  1ftfw1e55kkd19095,167615279,minnesota, usa,14 hours left
28300,ford,explorer,2019,clean vehicle,24116.0,gray,  1fm5k7f82kgb41597,167801403,florida, usa,2 days left
10500,ford,d,2019,salvage insurance,14128.0,blue,  maj3s2ge4kc278721,167534773,florida, usa,15 hours left
24970,ford,doors,2016,clean vehicle,49882.0,green,  1fa6p8cf8g5225189,167653516,new york, usa,11 days left
13800,ford,fusion,2019,clean vehicle,38964.0,blue,  3fa6p0luxkr109398,167615280,minnesota, usa,14 hours left
2580,ford,door,2012,clean vehicle,102705.0,white,  3fahp0ga5cr113207,167737580,florida, usa,24 hours left
59975,ford,f-150,2019,clean vehicle,71.0,white,  1ftfw1rg5kfa62833,167801448,florida, usa,Listing Expired
2500,ford,door,2012,salvage insurance,98620.0,white,  1fahp3j23cl241544,167543164,indiana, usa,15 hours left
28990,ford,doors,2016,clean vehicle,15825.0,triple yellow tri-coat,  1fatp8ff0g5296868,167653517,massachusetts, usa,11 days left
50000,ford,max,2019,clean vehicle,29499.0,blue,  1fmjk2at1kea40396,167615281,minnesota, usa,14 hours left
33800,ford,door,2014,clean vehicle,100255.0,white,  1ft7w2bt0eea41481,167737916,kentucky, usa,21 hours left
59975,ford,f-150,2019,clean vehicle,174.0,black,  1ftfw1rg6kfc08396,167801451,florida, usa,Listing Expired
2500,ford,door,2013,salvage insurance,167552.0,gray,  1fmcu9gx5dub47157,167547103,minnesota, usa,16 hours left
46999,ford,doors,2016,clean vehicle,16956.0,magnetic metallic,  1fa6p8jz6g5525309,167653518,new jersey, usa,11 days left
16700,ford,fusion,2019,clean vehicle,36896.0,black,  3fa6p0ru2kr118068,167615282,minnesota, usa,14 hours left
34700,ford,door,2013,clean vehicle,77281.0,white,  1ft7w2btxdea14898,167738075,kentucky, usa,21 hours left
28900,ford,f-150,2019,clean vehicle,24795.0,black,  1ftew1e59kfc47399,167801453,florida, usa,1 days left
30800,ford,doors,2016,clean vehicle,16771.0,ruby red metallic tinted clearcoat,  1fa6p8cf0g5204627,167653519,new jersey, usa,11 days left
27100,ford,f-150,2019,clean vehicle,28692.0,silver,  1ftew1e54kkc88465,167615283,minnesota, usa,14 hours left
13388,ford,door,2012,clean vehicle,113821.0,black,  1ftfw1cf3cfc75961,167738390,louisiana, usa,1 days left
26000,ford,f-150,2019,clean vehicle,19793.0,blue,  1ftew1eb6kfb83943,167801455,florida, usa,2 days left
17900,ford,doors,2016,clean vehicle,27940.0,shadow black,  1fa6p8am3g5250504,167653520,massachusetts, usa,11 days left
23400,ford,flex,2019,clean vehicle,24987.0,black,  2fmhk6d8xkba20365,167615285,minnesota, usa,14 hours left
29800,ford,mustang,2016,clean vehicle,18367.0,blue,  1fa6p8cf3g5242238,167738456,illinois, usa,21 hours left
23700,ford,flex,2019,clean vehicle,14109.0,gray,  2fmhk6d88kba29775,167801457,florida, usa,1 days left
1725,ford,door,2012,salvage insurance,158781.0,black,  1fmcu9eg7ckb88497,167548257,illinois, usa,16 hours left
33995,ford,doors,2016,clean vehicle,27369.0,black,  1fa6p8cf5g5235498,167653521,new jersey, usa,11 days left
23500,ford,flex,2019,clean vehicle,30208.0,white,  2fmhk6d86kba05247,167615287,minnesota, usa,14 hours left
32500,ford,explorer,2019,clean vehicle,24024.0,black,  1fm5k8gt5kgb41683,167801459,florida, usa,2 days left
2500,ford,door,2016,salvage insurance,64999.0,blue,  3fadp4bjxgm137986,167552003,mississippi, usa,16 hours left
39000,ford,f-150,2019,clean vehicle,8404.0,black,  1ftfw1e54kfc34435,167615288,minnesota, usa,14 hours left
11000,ford,focus,2018,clean vehicle,8884.0,gray,  1fadp3e23jl254221,167739185,massachusetts, usa,6 days left
32500,ford,explorer,2019,clean vehicle,24126.0,black,  1fm5k8gt2kgb41298,167801468,florida, usa,2 days left
800,ford,door,2012,salvage insurance,129659.0,black,  3fadp4bj5cm221076,167552004,mississippi, usa,16 hours left
26900,ford,f-150,2019,clean vehicle,31713.0,black,  1ftew1e59kkc89708,167615289,minnesota, usa,14 hours left
11200,ford,edge,2016,clean vehicle,109996.0,gray,  2fmpk4j97gbb67005,167801478,new york, usa,18 hours left
21000,ford,doors,2018,clean vehicle,6821.0,red,  1fa6p8thxj5164792,167654211,new york, usa,11 days left
32000,ford,f-150,2019,clean vehicle,17867.0,red,  1ftfw1e5xkfb51429,167615291,minnesota, usa,14 hours left
7300,ford,door,2016,clean vehicle,110253.0,black,  3fa6p0g72gr397705,167801481,connecticut, usa,18 hours left
12800,ford,escape,2018,clean vehicle,39364.0,black,  1fmcu0gd3jub60681,167552309,missouri, usa,9 days left
24190,ford,doors,2018,clean vehicle,4018.0,blue,  1fatp8uh7j5182314,167654212,massachusetts, usa,11 days left
29100,ford,f-150,2019,clean vehicle,21054.0,red,  1ftew1e49kfc10392,167615292,minnesota, usa,14 hours left
29000,ford,door,2017,clean vehicle,48309.0,red,  1ft7w2b60hee77178,167740589,massachusetts, usa,6 days left
17300,ford,door,2016,clean vehicle,68666.0,black,  1fm5k8d82ggc60329,167801490,new york, usa,18 hours left
19888,ford,doors,2018,clean vehicle,34071.0,ingot silver metallic,  1fatp8uh2j5132890,167654213,new jersey, usa,11 days left
31000,ford,f-150,2019,clean vehicle,13600.0,white,  1ftfw1e50kfb96721,167615294,minnesota, usa,14 hours left
37200,ford,door,2017,clean vehicle,44956.0,black,  1ft7w2bt4hee52015,167740592,massachusetts, usa,2 days left
8600,ford,door,2016,clean vehicle,72607.0,silver,  1fmcu0f77gub25484,167801492,new jersey, usa,18 hours left
24857,ford,doors,2018,clean vehicle,33815.0,shadow black,  1fatp8uh3j5157023,167654214,massachusetts, usa,11 days left
23500,ford,flex,2019,clean vehicle,31491.0,gray,  2fmhk6d85kba09063,167615296,minnesota, usa,14 hours left
26100,ford,f-150,2018,clean vehicle,32149.0,white,  1ftew1cb3jfc81295,167741409,mississippi, usa,21 hours left
10800,ford,hybrid,2016,clean vehicle,26654.0,blue,  1fadp5au1gl114180,167801493,new york, usa,18 hours left
20995,ford,doors,2018,clean vehicle,36637.0,white,  1fa6p8th1j5167452,167654215,new york, usa,11 days left
29300,ford,f-150,2019,clean vehicle,17000.0,white,  1ftew1e4xkfc10403,167615298,minnesota, usa,14 hours left
33100,ford,f-150,2018,clean vehicle,15960.0,gray,  1ftew1ep2jfb83786,167741551,mississippi, usa,21 hours left
13800,ford,door,2016,clean vehicle,40774.0,gray,  1fahp2e84gg136518,167801747,new jersey, usa,18 hours left
19498,ford,doors,2018,clean vehicle,40338.0,black,  1fatp8uh1j5115336,167654216,new york, usa,11 days left
14900,ford,fusion,2019,clean vehicle,40505.0,gray,  3fa6p0cd0kr117056,167615300,minnesota, usa,14 hours left
8700,ford,door,2016,clean vehicle,30735.0,black,  1fadp3k28gl330142,167741697,massachusetts, usa,6 days left
20600,ford,mustang,2019,clean vehicle,33965.0,gray,  1fatp8uhxk5148658,167801788,florida, usa,2 days left
5000,ford,door,2018,salvage insurance,7339.0,white,  1ftex1c53jkd88586,167553971,oklahoma, usa,12 days left
19995,ford,doors,2018,clean vehicle,42470.0,white,  1fa6p8th8j5115591,167654217,new york, usa,11 days left
14900,ford,fusion,2019,clean vehicle,40670.0,silver,  3fa6p0cd1kr110357,167615301,minnesota, usa,14 hours left
19500,ford,door,2016,clean vehicle,41233.0,black,  1ftbf2b61ged08196,167741899,massachusetts, usa,6 days left
24500,ford,wagon,2019,clean vehicle,13162.0,white,  1fbzx2zm7kka48532,167801789,florida, usa,5 hours left
15000,ford,fusion,2018,clean vehicle,38744.0,white,  3fa6p0d97jr219835,167555170,california, usa,8 days left
26985,ford,doors,2018,clean vehicle,14023.0,black,  1fa6p8cf4j5145797,167654218,new york, usa,11 days left
31000,ford,f-150,2019,clean vehicle,9741.0,white,  1ftfw1e52kfb85249,167615302,minnesota, usa,14 hours left
24300,ford,explorer,2017,clean vehicle,31017.0,silver,  1fm5k7d82hgb82470,167742129,mississippi, usa,21 hours left
16800,ford,fusion,2019,clean vehicle,37786.0,gray,  3fa6p0d97kr118571,167801791,florida, usa,1 days left
17200,ford,mustang,2018,clean vehicle,32415.0,white,  1fatp8uh2j5132629,167555176,california, usa,8 days left
34995,ford,doors,2018,clean vehicle,10421.0,ruby red,  1fa6p8cf2j5161626,167654219,new york, usa,11 days left
24300,ford,wagon,2019,clean vehicle,29305.0,white,  1fbzx2zm0kka75345,167615308,minnesota, usa,14 hours left
26400,ford,explorer,2017,clean vehicle,51309.0,white,  1fm5k7fh2hgb04056,167742134,mississippi, usa,21 hours left
16800,ford,fusion,2019,clean vehicle,38001.0,black,  3fa6p0d98kr138974,167801792,florida, usa,1 days left
15500,ford,escape,2018,clean vehicle,18849.0,black,  1fmcu9hd7jua30891,167555180,california, usa,2 days left
19440,ford,doors,2018,clean vehicle,43269.0,silver,  1fatp8uh0j5124044,167654220,new york, usa,11 days left
16700,ford,fusion,2019,clean vehicle,36989.0,silver,  3fa6p0ru2kr117017,167615310,minnesota, usa,14 hours left
29000,ford,door,2017,clean vehicle,29320.0,blue,  1ftew1ep9hkc82719,167742317,alabama, usa,21 hours left
16100,ford,hybrid,2019,clean vehicle,34244.0,white,  3fa6p0ru4kr181558,167801793,florida, usa,1 days left
17200,ford,mustang,2018,clean vehicle,32938.0,white,  1fatp8uh9j5132644,167555184,california, usa,8 days left
20950,ford,doors,2018,clean vehicle,40793.0,black,  1fatp8uh6j5142578,167654221,new hampshire, usa,11 days left
46200,ford,door,2017,clean vehicle,94741.0,no_color,  1ft8w3dt1hee12434,167742320,alabama, usa,21 hours left
29400,ford,mustang,2019,clean vehicle,25011.0,white,  1fatp8ff0k5161477,167801794,florida, usa,2 days left
2825,ford,door,2014,salvage insurance,363810.0,white,  1fmjk1g53eef23881,167555421,montana, usa,17 hours left
32999,ford,doors,2018,clean vehicle,6881.0,shadow black,  1fa6p8cf3j5172103,167654222,new jersey, usa,11 days left
6600,ford,door,2014,clean vehicle,80423.0,orange,  3fa6p0hd9er326468,167615896,new jersey, usa,2 hours left
50200,ford,door,2017,clean vehicle,92405.0,white,  1ft7w2bt7hef07573,167742321,alabama, usa,21 hours left
28300,ford,ranger,2019,clean vehicle,15436.0,white,  1fter4fh5kla45887,167801795,florida, usa,2 days left
12000,ford,door,2017,salvage insurance,104665.0,white,  1ftfx1ef8hkd03259,167560049,california, usa,18 hours left
32999,ford,doors,2018,clean vehicle,16194.0,royal crimson metallic tinted clearcoat,  1fa6p8cf0j5118581,167654223,new jersey, usa,11 days left
12600,ford,door,2014,clean vehicle,48188.0,black,  1fm5k8d84egc31539,167615902,new jersey, usa,2 hours left
5200,ford,focus,2017,clean vehicle,65164.0,red,  1fadp3j22hl268403,167742322,alabama, usa,21 hours left
20500,ford,mustang,2019,clean vehicle,35930.0,black,  1fatp8uh8k5109583,167801796,florida, usa,2 days left
1200,ford,door,2012,salvage insurance,167376.0,red,  1fahp3f23cl414648,167561238,virginia, usa,3 days left
35999,ford,doors,2018,clean vehicle,13674.0,kona blue metallic,  1fa6p8cf1j5126821,167654224,new jersey, usa,11 days left
41000,ford,srw,2019,clean vehicle,9235.0,silver,  1ft7w2bt7kee46393,167616337,minnesota, usa,14 hours left
33100,ford,door,2017,clean vehicle,103002.0,red,  1ftew1ef2hfb30250,167742325,mississippi, usa,21 hours left
23500,ford,ranger,2019,clean vehicle,12836.0,blue,  1fter4eh3kla09133,167801802,florida, usa,2 days left
18799,ford,doors,2015,clean vehicle,137728.0,red,  1fatp8ff5f5323738,167564814,connecticut, usa,9 days left
33999,ford,doors,2018,clean vehicle,6921.0,magnetic metallic,  1fa6p8cf9j5110592,167654225,new jersey, usa,11 days left
35000,ford,srw,2019,clean vehicle,14359.0,white,  1ft7w2b68ked77546,167616338,minnesota, usa,14 hours left
26100,ford,wagon,2017,clean vehicle,58118.0,white,  1fbzx2zm3hka72688,167742336,mississippi, usa,21 hours left
15400,ford,fusion,2019,clean vehicle,31124.0,white,  3fa6p0cd8kr138334,167801803,florida, usa,1 days left
25998,ford,doors,2015,clean vehicle,25734.0,color:,  1fa6p8cf9f5365377,167564815,new york, usa,9 days left
31831,ford,doors,2018,clean vehicle,14059.0,black,  1fa6p8cf9j5125433,167654226,new jersey, usa,11 days left
40400,ford,srw,2019,clean vehicle,13472.0,black,  1ft7w2bt7kef15907,167616339,minnesota, usa,14 hours left
15400,ford,door,2013,clean vehicle,123983.0,silver,  1ftfw1ef7dfd73034,167742775,connecticut, usa,18 hours left
13500,ford,hybrid,2019,clean vehicle,35023.0,gray,  3fa6p0lu6kr119958,167801804,florida, usa,1 days left
25995,ford,doors,2015,clean vehicle,39509.0,white,  1fa6p8cf3f5404612,167564817,new hampshire, usa,9 days left
27990,ford,doors,2018,clean vehicle,4512.0,ingot silver metallic,  1fa6p8cf0j5159227,167654227,new york, usa,11 days left
23985,ford,doors,2015,clean vehicle,51884.0,white,  1fa6p8cf0f5308078,167564818,new jersey, usa,9 days left
27995,ford,doors,2018,clean vehicle,4181.0,gray,  1fa6p8cf9j5120362,167654228,pennsylvania, usa,11 days left
13995,ford,doors,2015,clean vehicle,56703.0,oxford white,  1fa6p8th8f5341198,167564839,new york, usa,9 days left
29988,ford,doors,2018,clean vehicle,4712.0,ingot silver metallic,  1fa6p8cf5j5125462,167654229,pennsylvania, usa,11 days left
12995,ford,doors,2015,clean vehicle,102800.0,blue,  1fa6p8am4f5334930,167564840,new jersey, usa,9 days left
21687,ford,doors,2018,clean vehicle,7109.0,lightning blue,  1fa6p8th8j5120337,167654230,pennsylvania, usa,11 days left
25200,ford,door,2016,clean vehicle,100943.0,white,  1ftew1cf9gfa55757,167743025,alabama, usa,21 hours left
29590,ford,doors,2015,clean vehicle,3915.0,green,  1fa6p8cf7f5325900,167564841,new york, usa,9 days left
28999,ford,doors,2018,clean vehicle,15550.0,ingot silver,  1fa6p8cf1j5175131,167654231,pennsylvania, usa,11 days left
13942,ford,doors,2015,clean vehicle,62542.0,magnetic metallic,  1fatp8em4f5415097,167564843,new jersey, usa,9 days left
15300,ford,taurus,2018,clean vehicle,38370.0,silver,  1fahp2f84jg117375,167667719,utah, usa,Listing Expired
35400,ford,ranger,2020,clean vehicle,671.0,blue,  1fter4fh1lla02732,167759471,ohio, usa,21 hours left
32700,ford,door,2016,clean vehicle,61477.0,silver,  1ft7w2bt2ged14343,167743061,alabama, usa,21 hours left
13995,ford,doors,2015,clean vehicle,73891.0,silver,  1fa6p8th7f5344481,167564844,new york, usa,9 days left
1850,ford,door,2014,salvage insurance,168805.0,black,  3fa6p0h78er183765,167682471,michigan, usa,2 days left
15800,ford,door,2012,clean vehicle,82564.0,gold,  1ftfw1ct4ckd77105,167623467,florida, usa,2 days left
36000,ford,door,2016,clean vehicle,85649.0,black,  1ft7w2b61geb39979,167743078,mississippi, usa,21 hours left
15495,ford,doors,2015,clean vehicle,48374.0,white,  1fa6p8th5f5420201,167564845,new york, usa,9 days left
21500,ford,door,2012,clean vehicle,11990.0,red,  1zvbp8ff3c5288048,167623702,florida, usa,2 days left
7200,ford,door,2016,clean vehicle,64111.0,black,  1fadp3k28gl311932,167743079,alabama, usa,21 hours left
17589,ford,doors,2015,clean vehicle,28771.0,red,  1fatp8uh0f5331279,167564846,new jersey, usa,9 days left
31700,ford,door,2015,clean vehicle,126708.0,white,  1ft7w2bt8fec08946,167743606,alabama, usa,21 hours left
31790,ford,doors,2015,clean vehicle,27165.0,orange,  1fa6p8cf6f5325225,167564847,new york, usa,9 days left
18100,ford,van,2015,clean vehicle,106546.0,white,  1fbzx2ym4fka72472,167743616,mississippi, usa,21 hours left
14495,ford,doors,2015,clean vehicle,54778.0,white,  1fa6p8am3f5306570,167564872,new jersey, usa,9 days left
15000,ford,fusion,2020,clean vehicle,11729.0,white,  3fa6p0d92lr117801,167625047,illinois, usa,19 hours left
26400,ford,door,2015,clean vehicle,85197.0,black,  1ftew1ef2fke07659,167743628,mississippi, usa,21 hours left
27990,ford,doors,2015,clean vehicle,19130.0,red,  1fa6p8cf2f5362711,167564874,massachusetts, usa,9 days left
19700,ford,expedition,2015,clean vehicle,72369.0,white,  1fmju1ht4fef41606,167743633,mississippi, usa,21 hours left
15300,ford,doors,2015,clean vehicle,59646.0,silver,  1fa6p8am2f5403582,167564875,massachusetts, usa,9 days left
22000,ford,door,2014,clean vehicle,68418.0,black,  1ftfw1ct6eke95627,167743891,mississippi, usa,21 hours left
23999,ford,doors,2015,clean vehicle,8400.0,black,  1fa6p8th8f5307097,167564892,new jersey, usa,9 days left
16488,ford,doors,2015,clean vehicle,45084.0,gray,  1fa6p8th8f5346675,167564894,new york, usa,9 days left
12784,ford,doors,2015,clean vehicle,67037.0,gray,  1fa6p8am0f5365382,167564896,new jersey, usa,9 days left
23400,ford,doors,2015,clean vehicle,64135.0,black,  1fa6p8cf0f5312423,167564910,new jersey, usa,9 days left
9705,ford,door,2017,clean vehicle,72377.0,black,  3fa6p0h76hr319394,167744596,arkansas, usa,21 hours left
25999,ford,doors,2015,clean vehicle,39367.0,oxford white,  1fa6p8cf7f5357357,167564912,new jersey, usa,9 days left
34977,ford,doors,2015,clean vehicle,46540.0,black,  1fa6p8cf2f5306378,167564913,pennsylvania, usa,9 days left
19000,ford,doors,2015,clean vehicle,40677.0,ingot silver metallic,  1fatp8uh8f5397899,167564914,new jersey, usa,9 days left
15995,ford,doors,2015,clean vehicle,69438.0,black,  1fa6p8th0f5382067,167564915,new york, usa,9 days left
13487,ford,doors,2015,clean vehicle,96246.0,gray,  2fmtk4j95fbb24313,167564973,new york, usa,9 days left
18707,ford,doors,2015,clean vehicle,69719.0,white,  2fmtk4k80fbb56382,167565005,connecticut, usa,9 days left
15290,ford,doors,2015,clean vehicle,75933.0,white platinum tri-coat metallic,  2fmtk4j86fbb17376,167565029,new york, usa,9 days left
15600,ford,doors,2015,clean vehicle,54325.0,black,  2fmtk3j86fbb54504,167565030,new york, usa,9 days left
47000,ford,expedition,2019,clean vehicle,24902.0,black,  1fmju2at1kea37413,167625630,illinois, usa,2 days left
16080,ford,doors,2015,clean vehicle,31793.0,blue,  2fmtk3j92fbc41664,167565031,connecticut, usa,9 days left
50000,ford,max,2019,clean vehicle,16505.0,white,  1fmjk2at2kea45381,167625631,illinois, usa,2 days left
15268,ford,doors,2015,clean vehicle,74361.0,black,  2fmtk4j81fbc21743,167565034,new york, usa,9 days left
47500,ford,max,2019,clean vehicle,27868.0,black,  1fmjk2at0kea39191,167625634,illinois, usa,2 days left
18497,ford,doors,2015,clean vehicle,34011.0,black,  2fmtk4j86fbc21494,167565036,massachusetts, usa,9 days left
10000,ford,escape,2019,clean vehicle,19993.0,silver,  1fmcu9gd3kub30490,167625635,illinois, usa,19 hours left
19995,ford,suv,2015,clean vehicle,48115.0,red,  2fmtk4k88fbb49003,167565056,pennsylvania, usa,9 days left
49000,ford,max,2019,clean vehicle,22543.0,white,  1fmjk2at9kea46589,167625636,illinois, usa,2 days left
17150,ford,doors,2015,clean vehicle,67091.0,black,  2fmtk3ap9fbc28957,167565081,new jersey, usa,9 days left
45000,ford,expedition,2019,clean vehicle,28790.0,black,  1fmju2at8kea33665,167625637,illinois, usa,2 days left
14295,ford,doors,2015,clean vehicle,59391.0,guard,  2fmtk4j87fbb34901,167565082,new jersey, usa,9 days left
49000,ford,max,2019,clean vehicle,18449.0,black,  1fmjk2at3kea46572,167625639,illinois, usa,2 days left
16190,ford,doors,2015,clean vehicle,71824.0,magnetic metallic,  2fmtk4j96fbb10890,167565083,new york, usa,9 days left
49000,ford,expedition,2019,clean vehicle,19304.0,black,  1fmju2at9kea25414,167625640,illinois, usa,2 days left
17899,ford,doors,2015,clean vehicle,39159.0,magnetic metallic,  2fmtk4j82fbc36462,167565105,new york, usa,9 days left
26000,ford,flex,2019,clean vehicle,18708.0,black,  2fmhk6dt1kba15866,167625666,illinois, usa,2 days left
14000,ford,doors,2015,clean vehicle,79430.0,magnetic metallic,  2fmtk4j88fbb19078,167565107,new jersey, usa,9 days left
15500,ford,flex,2019,clean vehicle,12393.0,gray,  2fmhk6d84kba36268,167625667,illinois, usa,19 hours left
16888,ford,doors,2015,clean vehicle,56329.0,black,  2fmtk4j94fbc08560,167565108,new york, usa,9 days left
28000,ford,f-150,2019,clean vehicle,12155.0,silver,  1ftfw1e56kfc13232,167625669,illinois, usa,2 days left
8305,ford,door,2014,clean vehicle,63291.0,blue,  1fa6p0hd0e5355683,167744884,arkansas, usa,2 days left
21822,ford,doors,2015,clean vehicle,36041.0,white platinum tri-coat metallic,  2fmtk4ap1fbc36380,167565117,new jersey, usa,9 days left
15500,ford,mustang,2019,clean vehicle,25810.0,red,  1fatp8uhxk5148949,167625718,illinois, usa,19 hours left
12500,ford,door,2015,clean vehicle,130388.0,blue,  1ftew1cf5fkd41840,167744885,arkansas, usa,20 hours left
15995,ford,doors,2015,clean vehicle,23878.0,blue,  2fmtk4g88fbb75562,167565141,new york, usa,9 days left
16000,ford,transit,2019,clean vehicle,15460.0,white,  1ftyr2zm1kkb65539,167625733,illinois, usa,19 hours left
38200,ford,max,2018,clean vehicle,46710.0,white,  1fmjk1kt9jea41402,167745579,north carolina, usa,Listing Expired
12995,ford,doors,2015,clean vehicle,65342.0,black,  2fmtk4g8xfbb98373,167565142,new york, usa,9 days left
14488,ford,doors,2015,clean vehicle,64061.0,tuxedo black metallic,  2fmtk4j93fbb69606,167565143,massachusetts, usa,9 days left
17500,ford,door,2016,clean vehicle,93164.0,white,  1fm5k7f81gga06232,167746065,florida, usa,14 hours left
21995,ford,doors,2015,clean vehicle,35629.0,blue,  2fmtk4ap6fbc01186,167565147,massachusetts, usa,9 days left
8500,ford,connect,2015,clean vehicle,118483.0,white,  nm0ls6e75f1193116,167746107,florida, usa,14 hours left
16593,ford,doors,2015,clean vehicle,71573.0,tuxedo black metallic,  2fmtk4k86fbb36847,167565148,massachusetts, usa,9 days left
13000,ford,door,2017,clean vehicle,33660.0,black,  1fmcu0gd0hue05897,167628838,illinois, usa,2 days left
14247,ford,doors,2015,clean vehicle,61168.0,blue,  2fmtk3j95fbc21893,167565149,pennsylvania, usa,9 days left
23500,ford,door,2017,clean vehicle,42241.0,gray,  1ftfw1ef3hfc08748,167629013,illinois, usa,2 days left
16999,ford,doors,2015,clean vehicle,21004.0,oxford white,  2fmtk4g88fbb94547,167565174,pennsylvania, usa,9 days left
25000,ford,door,2017,clean vehicle,45003.0,red,  1ftfw1ef2hfb56304,167629019,illinois, usa,2 days left
20159,ford,doors,2015,clean vehicle,45278.0,oxford white,  2fmtk4j98fbc15642,167565193,new jersey, usa,9 days left
31000,ford,door,2017,clean vehicle,1.0,black,  1ftfw1ef0hfa02688,167629024,illinois, usa,2 days left
22500,ford,edge,2018,clean vehicle,24747.0,gray,  2fmpk4k82jbb61657,167567143,colorado, usa,8 days left
29500,ford,door,2017,clean vehicle,48707.0,black,  1ftfw1ef5hfb57303,167629025,illinois, usa,2 days left
59900,ford,max,2020,clean vehicle,2162.0,no_color,  1fmjk2at4lea11492,167762991,ohio, usa,21 hours left
24000,ford,f-150,2017,clean vehicle,50874.0,black,  1ftfw1eg9hfc63181,167629029,illinois, usa,2 days left
20500,ford,f-150,2017,clean vehicle,70727.0,black,  1ftfw1ef8hfa28276,167629031,illinois, usa,2 days left
27200,ford,explorer,2019,clean vehicle,29382.0,gray,  1fm5k8f85kgb47660,167802092,north carolina, usa,2 days left
24900,ford,f-150,2018,clean vehicle,33194.0,white,  1ftew1cg6jfd15757,167571218,virginia, usa,2 days left
24500,ford,door,2017,clean vehicle,52084.0,white,  1ftfw1ef6hfa36117,167629032,illinois, usa,2 days left
34000,ford,expedition,2018,clean vehicle,51122.0,black,  1fmju1kt7jea10840,167571219,virginia, usa,2 days left
28000,ford,door,2017,clean vehicle,40286.0,white,  1ftew1eg4hfc14661,167629033,illinois, usa,2 days left
27000,ford,f-150,2017,clean vehicle,55420.0,black,  1ftfw1eg4hfa61042,167629035,illinois, usa,2 days left
34000,ford,wagon,2018,clean vehicle,10282.0,black,  1fbvu4xg0jka34387,167571324,virginia, usa,5 days left
42500,ford,door,2017,clean vehicle,85278.0,white,  1ft7w2bt6hed37724,167629115,illinois, usa,2 days left
33000,ford,explorer,2018,clean vehicle,7258.0,black,  1fm5k8gt5jga17377,167749025,pennsylvania, usa,2 days left
10200,ford,escape,2018,clean vehicle,93350.0,black,  1fmcu9gd2jua74282,167749030,pennsylvania, usa,2 days left
25600,ford,explorer,2019,clean vehicle,37166.0,gray,  1fm5k7f85kgb16175,167802097,north carolina, usa,2 days left
16300,ford,f-150,2018,clean vehicle,69480.0,white,  1ftex1cb2jkd88410,167572896,texas, usa,1 days left
26500,ford,door,2016,clean vehicle,34679.0,white,  1ftfw1eg1gfa91324,167631023,illinois, usa,2 days left
36500,ford,f-150,2018,clean vehicle,24151.0,red,  1ftew1eg1jfb92141,167749059,pennsylvania, usa,3 days left
25900,ford,explorer,2019,clean vehicle,32796.0,white,  1fm5k7f8xkga63974,167802098,north carolina, usa,2 days left
22500,ford,door,2016,clean vehicle,67979.0,black,  1ftfw1ef7gfd42886,167631026,illinois, usa,2 days left
29000,ford,f-150,2018,clean vehicle,18690.0,white,  1ftfw1e53jfa49565,167749061,pennsylvania, usa,3 days left
825,ford,door,2012,salvage insurance,78072.0,white,  1fahp3f27cl372579,167596499,pennsylvania, usa,7 days left
10500,ford,door,2016,clean vehicle,54251.0,red,  1fmcu9g99guc59224,167631029,illinois, usa,2 days left
32000,ford,f-150,2018,clean vehicle,32262.0,white,  1ftfw1eg6jfc96497,167749063,pennsylvania, usa,3 days left
27700,ford,f-650,2015,clean vehicle,92358.0,white,  3frnf6fb7fv723704,167802125,texas, usa,2 days left
4000,ford,door,2015,clean vehicle,90740.0,red,  3fa6p0hd9fr112940,167632416,illinois, usa,2 days left
38800,ford,f-150,2018,clean vehicle,35225.0,black,  1ftfw1eg6jfa49562,167749065,pennsylvania, usa,3 days left
26200,ford,f-650,2015,clean vehicle,129063.0,white,  3frnf6fb5fv723703,167802126,texas, usa,2 days left
19500,ford,wagon,2018,clean vehicle,49985.0,white,  1fbzx2zm8jka97477,167600366,wisconsin, usa,23 hours left
11700,ford,escape,2015,clean vehicle,52340.0,black,  1fmcu0jx4fua38177,167632432,illinois, usa,2 days left
34000,ford,f-150,2018,clean vehicle,21406.0,black,  1ftew1ep8jfe30258,167749066,pennsylvania, usa,3 days left
38600,ford,srw,2019,clean vehicle,16619.0,white,  1ft7w2bt0kee34621,167802180,florida, usa,1 days left
21500,ford,door,2015,clean vehicle,41293.0,black,  1ftfw1ef5ffa07480,167632433,illinois, usa,2 days left
38500,ford,f-150,2018,clean vehicle,37053.0,black,  1ftew1e50jfa49583,167749067,pennsylvania, usa,3 days left
38500,ford,f-150,2018,clean vehicle,34532.0,black,  1ftfw1eg8jfc18450,167749069,pennsylvania, usa,3 days left
12000,ford,taurus,2017,clean vehicle,13328.0,blue,  1fahp2e88hg132084,167636134,missouri, usa,8 days left
30500,ford,f-150,2018,clean vehicle,56836.0,off-white,  1ftfw1eg3jfa50880,167749076,pennsylvania, usa,3 days left
11300,ford,door,2016,clean vehicle,48080.0,orange,  1fmcu9gx7gub92704,167636569,missouri, usa,47 minutes
29500,ford,f-150,2018,clean vehicle,12271.0,gray,  1ftfw1eg4jfe78490,167749164,pennsylvania, usa,3 days left
16100,ford,expedition,2014,clean vehicle,97318.0,white,  1fmju2a50eef65739,167637017,missouri, usa,47 minutes
32500,ford,f-150,2018,clean vehicle,12717.0,red,  1ftfw1eg1jfc34506,167749167,pennsylvania, usa,3 days left
29000,ford,mustang,2019,clean vehicle,12764.0,black,  1fa6p8cf3k5102120,167638863,texas, usa,10 days left
30000,ford,f-150,2018,clean vehicle,19951.0,red,  1ftfw1eg8jfa10617,167749170,pennsylvania, usa,3 days left
26000,ford,explorer,2019,clean vehicle,32458.0,white,  1fm5k7f83kga17399,167802226,north carolina, usa,2 days left
26000,ford,f-150,2018,clean vehicle,21616.0,gray,  1ftfw1e55jfa37529,167749171,pennsylvania, usa,3 days left
18500,ford,escape,2019,clean vehicle,17755.0,blue,  1fmcu9j9xkuc36052,167802227,north carolina, usa,6 days left
12000,ford,door,2017,clean vehicle,73846.0,gray,  1ftex1cp8hkd08288,167640389,texas, usa,9 days left
30000,ford,f-150,2018,clean vehicle,15771.0,blue,  1ftew1ep8jfd90148,167749173,pennsylvania, usa,3 days left
14700,ford,escape,2019,clean vehicle,29168.0,silver,  1fmcu0g96kub33780,167802228,north carolina, usa,2 days left
25000,ford,door,2017,clean vehicle,159182.0,red,  1ft8w3dt0hef24562,167640427,texas, usa,10 days left
26550,ford,f-150,2018,clean vehicle,15296.0,white,  1ftfw1e53jkc06275,167749175,pennsylvania, usa,5 hours left
27000,ford,explorer,2019,clean vehicle,30476.0,white,  1fm5k8f83kgb26838,167802229,north carolina, usa,2 days left
34000,ford,door,2016,clean vehicle,131754.0,white,  1ft8w3dt7gec81766,167641144,texas, usa,10 days left
27500,ford,f-150,2018,clean vehicle,26095.0,gray,  1ftew1ep8jfd35859,167749176,pennsylvania, usa,3 days left
25500,ford,f-150,2018,clean vehicle,22107.0,gray,  1ftew1ep8jfc58328,167749180,pennsylvania, usa,3 days left
13500,ford,ecosport,2019,clean vehicle,31207.0,brown,  maj6s3kl4kc273222,167802231,north carolina, usa,6 days left
4000,ford,door,2015,clean vehicle,112810.0,gray,  1fmcu0gx0fua05555,167641488,texas, usa,10 days left
25700,ford,f-150,2018,clean vehicle,19058.0,white,  1ftfw1e51jfe26457,167749183,pennsylvania, usa,3 days left
29000,ford,door,2015,clean vehicle,109137.0,white,  1ft7w2btxfea09767,167641551,texas, usa,10 days left
30500,ford,f-150,2018,clean vehicle,24058.0,black,  1ftfw1e53jfa36542,167749184,pennsylvania, usa,3 days left
30000,ford,f-150,2018,clean vehicle,6967.0,black,  1ftew1ep0jfd90421,167749186,pennsylvania, usa,3 days left
9000,ford,door,2014,clean vehicle,118340.0,gray,  1ftew1cm7efa19352,167641733,texas, usa,10 days left
19000,ford,f-150,2018,clean vehicle,36145.0,white,  1ftex1cb4jfa24241,167749245,pennsylvania, usa,12 hours left
25800,ford,explorer,2019,clean vehicle,33942.0,silver,  1fm5k7f89kga64209,167802235,north carolina, usa,2 days left
26500,ford,f-150,2018,clean vehicle,38868.0,gray,  1ftew1ep2jkc89288,167749247,pennsylvania, usa,3 days left
29300,ford,explorer,2019,clean vehicle,36190.0,red,  1fm5k8gt9kgb48958,167802277,north carolina, usa,2 days left
6300,ford,fiesta,2018,clean vehicle,37177.0,black,  3fadp4bj5jm122531,167749248,pennsylvania, usa,2 days left
25400,ford,explorer,2019,clean vehicle,39267.0,white,  1fm5k7f85kga32678,167802278,north carolina, usa,2 days left
26000,ford,f-150,2018,clean vehicle,33350.0,gray,  1ftfw1e58jfa37766,167749256,pennsylvania, usa,3 days left
7000,ford,focus,2017,clean vehicle,57889.0,black,  1fadp3f25hl234464,167802313,north carolina, usa,2 days left
25900,ford,f-150,2018,clean vehicle,34081.0,red,  1ftfw1e50jkc66708,167749258,pennsylvania, usa,36 minutes
9700,ford,fiesta,2019,clean vehicle,26821.0,gray,  3fadp4ej3km124114,167802331,north carolina, usa,2 days left
27000,ford,f-150,2018,clean vehicle,40577.0,black,  1ftew1ep9jfa21976,167749260,pennsylvania, usa,3 days left
9100,ford,fiesta,2019,clean vehicle,52355.0,black,  3fadp4bjxkm138371,167802332,north carolina, usa,2 days left
28000,ford,f-150,2018,clean vehicle,30620.0,red,  1ftfw1eg8jfb90617,167749261,pennsylvania, usa,3 days left
25700,ford,flex,2019,clean vehicle,22019.0,black,  2fmhk6dt8kba14603,167802333,north carolina, usa,6 days left
27500,ford,f-150,2018,clean vehicle,36742.0,black,  1ftew1ep1jfa02757,167749262,pennsylvania, usa,3 days left
9400,ford,fiesta,2019,clean vehicle,32473.0,white,  3fadp4ej8km130958,167802334,north carolina, usa,2 days left
25500,ford,f-150,2018,clean vehicle,43406.0,blue,  1ftew1ep1jkd75109,167749263,pennsylvania, usa,3 days left
20500,ford,flex,2019,clean vehicle,34696.0,white,  2fmhk6c8xkba14373,167802335,north carolina, usa,6 days left
21500,ford,f-150,2018,clean vehicle,43519.0,gray,  1ftfw1e55jfc57253,167749265,pennsylvania, usa,3 days left
12800,ford,hybrid,2019,clean vehicle,37716.0,gray,  3fa6p0lu4kr188583,167802336,north carolina, usa,6 days left
23900,ford,f-150,2018,clean vehicle,41627.0,white,  1ftfw1e54jfa50563,167749266,pennsylvania, usa,3 days left
9400,ford,fiesta,2019,clean vehicle,29986.0,gray,  3fadp4ej4km131038,167802337,north carolina, usa,2 days left
26900,ford,f-150,2018,clean vehicle,41496.0,silver,  1ftew1egxjfa11599,167749267,pennsylvania, usa,3 days left
25500,ford,flex,2019,clean vehicle,20613.0,gray,  2fmhk6dt9kba22922,167802338,north carolina, usa,6 days left
27000,ford,f-150,2018,clean vehicle,33475.0,blue,  1ftew1ep9jfc17402,167749268,pennsylvania, usa,3 days left
9300,ford,fiesta,2019,clean vehicle,32305.0,silver,  3fadp4bj1km123807,167802339,north carolina, usa,2 days left
14400,ford,fusion,2018,clean vehicle,38148.0,black,  3fa6p0ru4jr247959,167749350,pennsylvania, usa,2 days left
19000,ford,flex,2019,clean vehicle,39976.0,red,  2fmgk5d8xkba08187,167802340,north carolina, usa,2 days left
14000,ford,fusion,2018,clean vehicle,50513.0,white,  3fa6p0d99jr206522,167749355,pennsylvania, usa,2 days left
13600,ford,fusion,2019,clean vehicle,31408.0,gray,  3fa6p0luxkr225023,167802366,north carolina, usa,2 days left
19200,ford,transit,2018,clean vehicle,41351.0,white,  1ftyr2cm0jka24226,167749390,pennsylvania, usa,2 days left
13600,ford,fusion,2019,clean vehicle,32038.0,red,  3fa6p0lu0kr210790,167802367,north carolina, usa,2 days left
18600,ford,transit,2018,clean vehicle,38279.0,white,  1ftyr2cm5jka24223,167749393,pennsylvania, usa,2 days left
13700,ford,fusion,2019,clean vehicle,30471.0,red,  3fa6p0lu8kr225408,167802368,north carolina, usa,2 days left
18200,ford,transit,2018,clean vehicle,41569.0,white,  1ftyr2cm2jka24227,167749395,pennsylvania, usa,2 days left
13800,ford,fusion,2019,clean vehicle,31142.0,silver,  3fa6p0lu3kr205504,167802369,north carolina, usa,2 days left
22000,ford,wagon,2018,clean vehicle,31598.0,black,  1fbzx2ym5jka57441,167749399,pennsylvania, usa,2 days left
13700,ford,fusion,2019,clean vehicle,31380.0,silver,  3fa6p0lu6kr220563,167802370,north carolina, usa,2 days left
28000,ford,wagon,2018,clean vehicle,22179.0,black,  1fbzx2xm1jka57423,167749406,pennsylvania, usa,2 days left
13800,ford,fusion,2019,clean vehicle,29266.0,white,  3fa6p0lu0kr210613,167802371,north carolina, usa,2 days left
18600,ford,transit,2018,clean vehicle,42156.0,white,  1ftyr2cm6jka24229,167749408,pennsylvania, usa,2 days left
13700,ford,fusion,2019,clean vehicle,30875.0,red,  3fa6p0lu2kr225727,167802372,north carolina, usa,2 days left
13700,ford,fusion,2019,clean vehicle,30609.0,silver,  3fa6p0lu5kr210591,167802373,north carolina, usa,2 days left
13800,ford,fusion,2019,clean vehicle,29508.0,silver,  3fa6p0lu4kr222151,167802374,north carolina, usa,2 days left
17700,ford,hybrid,2019,clean vehicle,12837.0,gray,  3fa6p0ru6kr257894,167802375,north carolina, usa,6 days left
13900,ford,fusion,2019,clean vehicle,29633.0,white,  3fa6p0lu0kr210823,167802376,north carolina, usa,2 days left
13900,ford,fusion,2019,clean vehicle,27461.0,no_color,  3fa6p0lu5kr226287,167802377,north carolina, usa,2 days left
50500,ford,f-650,2018,clean vehicle,74961.0,white,  1fdnf6dc1jdf00931,167749685,pennsylvania, usa,2 days left
13600,ford,fusion,2019,clean vehicle,32154.0,gray,  3fa6p0lu2kr207325,167802378,north carolina, usa,2 days left
55000,ford,srw,2018,clean vehicle,37245.0,black,  1ft7w2bt1jec31753,167749686,pennsylvania, usa,3 days left
13800,ford,fusion,2019,clean vehicle,29345.0,white,  3fa6p0lu1kr222799,167802379,north carolina, usa,2 days left
56000,ford,srw,2018,clean vehicle,25371.0,black,  1ft7w2bt4jec50359,167749689,pennsylvania, usa,3 days left
13800,ford,fusion,2019,clean vehicle,30054.0,silver,  3fa6p0lu3kr210749,167802380,north carolina, usa,2 days left
45800,ford,srw,2018,clean vehicle,11173.0,white,  1ft7w2bt3jeb02932,167749690,pennsylvania, usa,2 days left
13800,ford,fusion,2019,clean vehicle,30902.0,no_color,  3fa6p0lu8kr225585,167802381,north carolina, usa,2 days left
5500,nissan,sentra,2018,clean vehicle,31231.0,silver,  3n1ab7ap9jy345766,167440194,north carolina, usa,5 days left
14400,nissan,altima,2020,clean vehicle,10728.0,gray,  1n4bl4bv5lc127707,167455277,arizona, usa,2 days left
11450,nissan,sport,2018,clean vehicle,35374.0,white,  jn1bj1cpxjw108745,167456239,florida, usa,7 days left
11000,nissan,sport,2018,clean vehicle,36715.0,black,  jn1bj1cp5jw102514,167456240,florida, usa,7 days left
11450,nissan,sport,2018,clean vehicle,33437.0,red,  jn1bj1cp7jw161029,167456241,florida, usa,7 days left
11000,nissan,sport,2018,clean vehicle,36788.0,black,  jn1bj1cp5jw108622,167456242,florida, usa,7 days left
11200,nissan,sport,2018,clean vehicle,35491.0,black,  jn1bj1cp7jw102689,167456245,florida, usa,7 days left
11400,nissan,sport,2018,clean vehicle,33644.0,black,  jn1bj1cp5jw163832,167456251,florida, usa,7 days left
11450,nissan,sport,2018,clean vehicle,35831.0,gray,  jn1bj1cp5jw161563,167456254,florida, usa,7 days left
11050,nissan,sport,2018,clean vehicle,35050.0,gray,  jn1bj1cp3jw108442,167456255,florida, usa,7 days left
11400,nissan,sport,2018,clean vehicle,34924.0,gray,  jn1bj1cp1jw161494,167456258,florida, usa,7 days left
11050,nissan,sport,2018,clean vehicle,34962.0,silver,  jn1bj1cp7jw107732,167456261,florida, usa,7 days left
10850,nissan,sport,2018,clean vehicle,39985.0,gray,  jn1bj1cp8jw161668,167456317,florida, usa,7 days left
10900,nissan,sport,2018,clean vehicle,38816.0,red,  jn1bj1cp2jw106181,167456319,florida, usa,7 days left
10450,nissan,sport,2018,clean vehicle,41579.0,red,  jn1bj1cp7jw163492,167456333,florida, usa,7 days left
10800,nissan,sport,2018,clean vehicle,40455.0,gray,  jn1bj1cp7jw108055,167456334,florida, usa,7 days left
10850,nissan,sport,2018,clean vehicle,39996.0,white,  jn1bj1cp0jw108009,167456336,florida, usa,7 days left
10800,nissan,sport,2018,clean vehicle,41077.0,black,  jn1bj1cp1jw105037,167456337,florida, usa,7 days left
10850,nissan,sport,2018,clean vehicle,39183.0,gray,  jn1bj1cp2jw108545,167456338,florida, usa,7 days left
10800,nissan,sport,2018,clean vehicle,40478.0,black,  jn1bj1cpxjw152048,167456339,florida, usa,7 days left
10900,nissan,sport,2018,clean vehicle,38806.0,white,  jn1bj1cp7jw108458,167456342,florida, usa,7 days left
10400,nissan,sport,2018,clean vehicle,45331.0,blue,  jn1bj1cp6jw106037,167456344,florida, usa,7 days left
10500,nissan,sport,2018,clean vehicle,43531.0,blue,  jn1bj1cpxjw108647,167456345,florida, usa,7 days left
10800,nissan,sport,2018,clean vehicle,41033.0,silver,  jn1bj1cpxjw161087,167456349,florida, usa,7 days left
10800,nissan,sport,2018,clean vehicle,40332.0,gray,  jn1bj1cp9jw108428,167456351,florida, usa,7 days left
11200,nissan,frontier,2019,clean vehicle,22319.0,silver,  1n6ad0er0kn738643,167457176,arizona, usa,2 days left
11100,nissan,rogue,2019,clean vehicle,22305.0,blue,  knmat2mt7kp522890,167457180,arizona, usa,2 days left
12200,nissan,maxima,2019,clean vehicle,36996.0,black,  1n4aa6av0kc367891,167457182,arizona, usa,2 days left
4000,nissan,sentra,2019,clean vehicle,1.0,black,  3n1ab7ap3ky284206,167457183,arizona, usa,2 days left
9000,nissan,versa,2019,clean vehicle,27611.0,gray,  3n1cn7ap8kl876794,167457184,arizona, usa,2 days left
14900,nissan,rogue,2019,clean vehicle,26516.0,silver,  5n1at2mv3kc809079,167457185,arizona, usa,2 days left
4600,nissan,rogue,2019,clean vehicle,31397.0,blue,  jn8at2mt2kw259864,167457186,arizona, usa,2 days left
6400,nissan,versa,2019,clean vehicle,18300.0,red,  3n1cn7ap4kl859703,167457187,arizona, usa,2 days left
10400,nissan,note,2019,clean vehicle,26743.0,white,  3n1ce2cp8kl362332,167457188,arizona, usa,2 days left
7800,nissan,versa,2019,clean vehicle,15832.0,black,  3n1cn7ap0kl845989,167457189,arizona, usa,2 days left
12300,nissan,sport,2019,clean vehicle,31939.0,white,  jn1bj1cp9kw215996,167457190,arizona, usa,2 days left
10900,nissan,sentra,2019,clean vehicle,31037.0,gray,  3n1ab7ap4ky222670,167457191,arizona, usa,2 days left
8500,nissan,versa,2019,clean vehicle,22521.0,white,  3n1cn7ap0kl859617,167457193,arizona, usa,2 days left
7300,nissan,versa,2019,clean vehicle,31335.0,white,  3n1cn7ap5kl850671,167457385,arizona, usa,2 days left
5900,nissan,versa,2019,clean vehicle,28315.0,red,  3n1cn7ap1kl821247,167457396,arizona, usa,2 days left
20000,nissan,armada,2017,clean vehicle,83437.0,white,  jn8ay2nd3h9007167,167462206,texas, usa,6 days left
11200,nissan,altima,2018,clean vehicle,42250.0,blue,  1n4al3ap8jc257020,167472994,wisconsin, usa,22 hours left
14400,nissan,rogue,2018,clean vehicle,45732.0,black,  knmat2mv0jp584843,167473024,wisconsin, usa,23 hours left
16500,nissan,pathfinder,2018,clean vehicle,49185.0,white,  5n1dr2mmxjc615473,167473031,wisconsin, usa,22 hours left
13400,nissan,rogue,2017,clean vehicle,45826.0,silver,  knmat2mv3hp582112,167473149,wisconsin, usa,20 hours left
12500,nissan,door,2017,clean vehicle,36844.0,white,  1n4al3ap8hc494018,167473150,wisconsin, usa,22 hours left
6500,nissan,door,2013,clean vehicle,104343.0,gray,  5n1ar2mm9dc642588,167489864,illinois, usa,18 hours left
19800,nissan,pathfinder,2018,clean vehicle,34138.0,white,  5n1dr2mn0jc622571,167492145,florida, usa,23 hours left
8800,nissan,versa,2018,clean vehicle,34761.0,white,  3n1cn7ap0jl803031,167492341,florida, usa,23 hours left
12800,nissan,rogue,2018,clean vehicle,32656.0,blue,  knmat2mt3jp508547,167492359,florida, usa,23 hours left
8800,nissan,versa,2018,clean vehicle,34837.0,red,  3n1cn7apxjl833122,167492413,florida, usa,23 hours left
3500,nissan,altima,2019,clean vehicle,30099.0,white,  1n4bl4ev8kc201874,167493467,missouri, usa,8 days left
750,nissan,sentra,2018,clean vehicle,37088.0,gray,  3n1ab7ap3jy312956,167494347,missouri, usa,8 days left
10800,nissan,door,2017,clean vehicle,41729.0,blue,  1n4al3ap3hc221262,167494664,florida, usa,23 hours left
22300,nissan,titan,2017,clean vehicle,17195.0,white,  1n6aa1ej0hn508411,167499054,texas, usa,2 days left
8300,nissan,sedan,2018,clean vehicle,43064.0,gray,  3n1cn7apxjl833105,167519152,california, usa,7 days left
8300,nissan,sedan,2018,clean vehicle,47510.0,gray,  3n1cn7ap7jl819100,167519154,california, usa,7 days left
8000,nissan,sedan,2018,clean vehicle,52571.0,gray,  3n1cn7ap9jl817056,167519159,california, usa,7 days left
15200,nissan,frontier,2018,clean vehicle,12129.0,black,  1n6bd0ct0jn772776,167722142,alabama, usa,21 hours left
6700,nissan,sedan,2017,clean vehicle,62280.0,white,  3n1cn7ap4hl810879,167519934,california, usa,7 days left
7500,nissan,door,2017,clean vehicle,74859.0,gray,  1n4al3ap4hn358022,167722292,connecticut, usa,3 days left
10500,nissan,door,2017,clean vehicle,59508.0,black,  1n4al3ap4hc198591,167722301,connecticut, usa,3 days left
8400,nissan,juke,2017,clean vehicle,58529.0,white,  jn8af5mrxht705637,167722304,connecticut, usa,3 days left
7000,nissan,door,2015,salvage insurance,24396.0,black,  1n4al3ap8fc191026,167534402,florida, usa,15 hours left
25500,nissan,armada,2020,clean vehicle,10317.0,black,  jn8ay2nc6l9615894,167722430,california, usa,1 days left
4100,nissan,door,2017,salvage insurance,37619.0,black,  3n1cn7ap7hl863981,167534406,florida, usa,15 hours left
13900,nissan,altima,2020,clean vehicle,15160.0,black,  1n4bl4bv4lc140657,167722431,california, usa,1 days left
1900,nissan,door,2015,salvage insurance,91898.0,black,  3n1cn7apxfl814609,167534407,florida, usa,15 hours left
14700,nissan,pathfinder,2017,clean vehicle,31198.0,white,  5n1dr2mm8hc628832,167722800,connecticut, usa,3 days left
1900,nissan,door,2013,salvage insurance,144015.0,blue,  jn8as5mv0dw660449,167539306,ohio, usa,15 hours left
18800,nissan,titan,2017,clean vehicle,15621.0,white,  1n6aa1r74hn571882,167722873,missouri, usa,21 hours left
7800,nissan,versa,2018,clean vehicle,54815.0,red,  3n1cn7ap9jl828199,167722934,california, usa,19 hours left
13500,nissan,door,2016,clean vehicle,53011.0,red,  1n4aa6apxgc432268,167541540,louisiana, usa,8 days left
8000,nissan,versa,2018,clean vehicle,56255.0,silver,  3n1cn7ap6jl831688,167722937,california, usa,19 hours left
3300,nissan,door,2013,clean vehicle,100225.0,gray,  jn8as5mt3dw524301,167541769,louisiana, usa,8 days left
7200,nissan,sentra,2017,clean vehicle,54117.0,silver,  3n1ab7ap8hl685756,167723631,connecticut, usa,3 days left
8000,nissan,door,2017,clean vehicle,54119.0,gray,  1n4al3ap8hc255116,167723920,california, usa,1 days left
1280,nissan,door,2012,salvage insurance,162176.0,black,  1n4al2ap1cn403663,167543146,indiana, usa,15 hours left
14000,nissan,rogue,2018,clean vehicle,37655.0,white,  knmat2mv3jp514463,167543439,florida, usa,20 hours left
3500,nissan,door,2015,clean vehicle,101178.0,gray,  3n1ab7apxfy368576,167724444,california, usa,6 hours left
600,nissan,door,2012,salvage insurance,206142.0,silver,  3n1ab6ap0cl688945,167545000,kansas, usa,16 hours left
12500,nissan,sport,2018,clean vehicle,43187.0,gray,  jn1bj1cr5jw281199,167724477,california, usa,2 days left
5800,nissan,door,2013,salvage insurance,105590.0,gray,  3n1ab7ap3dl795351,167550695,texas, usa,16 hours left
8000,nissan,versa,2018,clean vehicle,53903.0,gray,  3n1cn7ap8jl818263,167724479,california, usa,2 days left
2200,nissan,door,2015,salvage insurance,73382.0,tan,  3n1cn7apxfl824461,167550843,texas, usa,16 hours left
8300,nissan,versa,2018,clean vehicle,48977.0,white,  3n1cn7ap4jl828918,167724481,california, usa,2 days left
7500,nissan,door,2016,clean vehicle,77504.0,blue,  1n4al3ap7gc240931,167552363,missouri, usa,7 days left
8000,nissan,versa,2018,clean vehicle,50871.0,blue,  3n1cn7ap3jl818641,167724482,california, usa,2 days left
3500,nissan,door,2012,clean vehicle,107734.0,silver,  jn8as5mvxcw706691,167552613,missouri, usa,7 days left
8000,nissan,versa,2018,clean vehicle,53098.0,white,  3n1cn7apxjl802906,167724484,california, usa,2 days left
2000,nissan,door,2012,salvage insurance,159990.0,burgundy,  1n4aa5ap4cc822996,167553965,oklahoma, usa,15 days left
7800,nissan,versa,2018,clean vehicle,51552.0,red,  3n1cn7ap0jl821772,167724487,california, usa,2 days left
8000,nissan,versa,2018,clean vehicle,54692.0,white,  3n1cn7ap5jl830774,167724488,california, usa,2 days left
18500,nissan,frontier,2019,clean vehicle,18611.0,white,  1n6ad0ev0kn768867,167554436,california, usa,8 days left
8000,nissan,versa,2018,clean vehicle,51654.0,blue,  3n1cn7ap1jl822946,167724489,california, usa,2 days left
18300,nissan,frontier,2019,clean vehicle,24046.0,white,  1n6ad0ev8kn726625,167554445,california, usa,8 days left
7500,nissan,versa,2018,clean vehicle,65184.0,red,  3n1cn7ap3jl833592,167724491,california, usa,2 days left
29800,nissan,armada,2019,clean vehicle,37398.0,blue,  jn8ay2ncxk9583031,167554453,california, usa,8 days left
21100,nissan,rogue,2020,clean vehicle,19597.0,silver,  5n1at2mt6lc714032,167725016,south carolina, usa,21 hours left
16200,nissan,rogue,2019,clean vehicle,34122.0,silver,  knmat2mvxkp508886,167554549,california, usa,8 days left
6998,nissan,doors,2015,clean vehicle,43651.0,super black,  1n4az0cp5fc322746,167654203,vermont, usa,11 days left
14700,nissan,rogue,2020,clean vehicle,15387.0,gray,  knmat2mv5lp500471,167743353,pennsylvania, usa,2 days left
19000,nissan,cargo,2020,clean vehicle,264.0,black,  3n6cm0kn9lk693851,167129224,california, usa,7 hours left
7500,nissan,door,2016,clean vehicle,58126.0,black,  1n4al3apxgn356323,167598085,texas, usa,1 days left
7998,nissan,doors,2015,clean vehicle,62921.0,cayenne red,  1n4az0cp2fc306536,167654204,vermont, usa,11 days left
10999,nissan,doors,2015,clean vehicle,43279.0,super black,  1n4az0cp1fc329211,167654205,massachusetts, usa,11 days left
2900,nissan,door,2012,salvage insurance,117844.0,gray,  jn8as5mv0cw412832,167600866,north carolina, usa,8 days left
8495,nissan,doors,2015,clean vehicle,45043.0,morningsky blue,  1n4az0cp6fc322884,167654206,new hampshire, usa,11 days left
19925,nissan,murano,2016,clean vehicle,42837.0,gray,  5n1az2mg7gn100344,167743473,alabama, usa,21 hours left
9500,nissan,sentra,2018,clean vehicle,42782.0,black,  3n1ab7ap3jy262463,167602541,new jersey, usa,2 hours left
12750,nissan,doors,2015,clean vehicle,24629.0,pearl white,  1n4az0cp8fc301146,167654207,massachusetts, usa,11 days left
22800,nissan,door,2015,clean vehicle,35902.0,blue,  1n6ad0ev4fn729804,167743862,alabama, usa,21 hours left
11621,nissan,doors,2015,clean vehicle,12840.0,glacier white,  1n4az0cp0fc326204,167654208,rhode island, usa,11 days left
11590,nissan,doors,2015,clean vehicle,63933.0,cayenne red,  1n4az0cp4fc309194,167654209,new hampshire, usa,11 days left
4700,nissan,door,2012,clean vehicle,100079.0,black,  1n4aa5ap0cc820341,167744352,alabama, usa,21 hours left
11390,nissan,doors,2015,clean vehicle,37953.0,super black,  1n4az0cp7fc314468,167654210,new york, usa,11 days left
14500,nissan,rogue,2017,clean vehicle,8677.0,blue,  knmat2mv8hp540065,167748608,tennessee, usa,4 days left
12000,nissan,rogue,2020,clean vehicle,11583.0,blue,  jn8at2mv7lw102351,167656206,ohio, usa,2 days left
15000,nissan,altima,2020,clean vehicle,14320.0,blue,  1n4bl4cv4lc134145,167656212,ohio, usa,2 days left
7500,nissan,door,2016,clean vehicle,19723.0,black,  3n1ab7ap9gy325347,167750212,georgia, usa,2 hours left
28000,nissan,armada,2018,clean vehicle,29554.0,gray,  jn8ay2nc4j9558303,167750230,pennsylvania, usa,3 days left
17500,nissan,maxima,2018,clean vehicle,39309.0,black,  1n4aa6ap0jc397943,167750233,pennsylvania, usa,2 days left
18000,nissan,maxima,2018,clean vehicle,34951.0,silver,  1n4aa6ap6jc388082,167750241,pennsylvania, usa,3 days left
13200,nissan,sport,2018,clean vehicle,35870.0,black,  jn1bj1cp2jw186856,167750400,pennsylvania, usa,2 days left
17000,nissan,altima,2018,clean vehicle,44423.0,gray,  1n4al3ap1jc191541,167750844,texas, usa,21 hours left
6700,nissan,xterra,2012,clean vehicle,92982.0,black,  5n1an0nu7cc517019,167751124,georgia, usa,20 hours left
23300,nissan,murano,2018,clean vehicle,36844.0,white,  5n1az2mg3jn162296,167751451,texas, usa,21 hours left
26800,nissan,titan,2018,clean vehicle,33605.0,white,  1n6aa1ej0jn540880,167751557,new mexico, usa,21 hours left
18200,nissan,sport,2018,clean vehicle,28009.0,black,  jn1bj1cr5jw269215,167752713,tennessee, usa,21 hours left
18700,nissan,rogue,2018,clean vehicle,41366.0,silver,  5n1at2mv4jc797992,167752721,virginia, usa,21 hours left
12900,nissan,door,2016,clean vehicle,98354.0,red,  1n6ad0ev8gn783236,167612818,new jersey, usa,2 hours left
16000,nissan,rogue,2018,clean vehicle,39598.0,no_color,  knmat2mv5jp602138,167752723,virginia, usa,21 hours left
19400,nissan,rogue,2020,clean vehicle,21009.0,black,  knmat2mvxlp505598,167614823,minnesota, usa,14 hours left
10900,nissan,sentra,2018,clean vehicle,28880.0,silver,  3n1ab7ap5jy332934,167752730,tennessee, usa,21 hours left
15800,nissan,sport,2018,clean vehicle,28626.0,black,  jn1bj1cp4jw195994,167752731,virginia, usa,21 hours left
19800,nissan,rogue,2020,clean vehicle,14850.0,silver,  knmat2mv2lp511637,167614830,minnesota, usa,14 hours left
19000,nissan,rogue,2018,clean vehicle,41096.0,black,  jn8at2mv3jw342140,167752732,virginia, usa,21 hours left
18000,nissan,rogue,2020,clean vehicle,12748.0,black,  jn8at2mt4lw003761,167614833,minnesota, usa,14 hours left
19800,nissan,rogue,2020,clean vehicle,14531.0,blue,  jn8at2mv1lw104855,167614835,minnesota, usa,14 hours left
19700,nissan,rogue,2020,clean vehicle,15931.0,black,  knmat2mv1lp508342,167614836,minnesota, usa,14 hours left
20100,nissan,rogue,2020,clean vehicle,10875.0,blue,  jn8at2mvxlw103235,167614842,minnesota, usa,14 hours left
19700,nissan,frontier,2019,clean vehicle,31172.0,silver,  1n6ad0ev3kn713569,167615503,minnesota, usa,14 hours left
23400,nissan,frontier,2019,clean vehicle,16248.0,white,  1n6ad0ev6kn772552,167615504,minnesota, usa,14 hours left
23300,nissan,frontier,2019,clean vehicle,18137.0,black,  1n6ad0ev4kn776678,167615506,minnesota, usa,14 hours left
17500,nissan,altima,2019,clean vehicle,25664.0,black,  1n4bl4ev6kc195850,167615509,minnesota, usa,14 hours left
17100,nissan,altima,2019,clean vehicle,31026.0,black,  1n4bl4ev5kc113073,167615512,minnesota, usa,14 hours left
15800,nissan,altima,2019,clean vehicle,41287.0,silver,  1n4bl4cv1kc146106,167615513,minnesota, usa,14 hours left
13600,nissan,altima,2019,clean vehicle,43612.0,black,  1n4bl4bv6kc147611,167615514,minnesota, usa,14 hours left
14400,nissan,altima,2019,clean vehicle,29545.0,black,  1n4bl4bv2kc158895,167615515,minnesota, usa,14 hours left
19800,nissan,frontier,2019,clean vehicle,24303.0,silver,  1n6ad0er7kn757187,167615516,minnesota, usa,14 hours left
17200,nissan,altima,2019,clean vehicle,29661.0,gray,  1n4bl4ev9kc174619,167615517,minnesota, usa,14 hours left
20300,nissan,frontier,2019,clean vehicle,18857.0,silver,  1n6ad0ev1kn770708,167615518,minnesota, usa,14 hours left
20500,nissan,frontier,2019,clean vehicle,14470.0,gray,  1n6ad0ev7kn771684,167615521,minnesota, usa,14 hours left
16500,nissan,altima,2019,clean vehicle,42364.0,silver,  1n4bl4ev6kc182600,167615522,minnesota, usa,14 hours left
16000,nissan,altima,2019,clean vehicle,37108.0,black,  1n4bl4cv4kc215340,167615523,minnesota, usa,14 hours left
14600,nissan,altima,2019,clean vehicle,26432.0,blue,  1n4bl4bv3kc205738,167615526,minnesota, usa,14 hours left
16300,nissan,rogue,2019,clean vehicle,24174.0,white,  knmat2mt6kp511315,167615736,minnesota, usa,14 hours left
15400,nissan,sport,2019,clean vehicle,30756.0,silver,  jn1bj1cr6kw314745,167615737,minnesota, usa,14 hours left
15800,nissan,rogue,2019,clean vehicle,32473.0,blue,  knmat2mt5kp510172,167615738,minnesota, usa,14 hours left
15800,nissan,sport,2019,clean vehicle,22947.0,blue,  jn1bj1cr1kw325880,167615740,minnesota, usa,14 hours left
21400,nissan,murano,2018,clean vehicle,17127.0,white,  5n1az2mg6jn171087,167753273,georgia, usa,21 hours left
15300,nissan,kicks,2019,clean vehicle,20793.0,gray,  3n1cp5cu6kl530566,167615741,minnesota, usa,14 hours left
20100,nissan,pathfinder,2019,clean vehicle,32519.0,black,  5n1dr2mm2kc630096,167615742,minnesota, usa,14 hours left
11300,nissan,sentra,2019,clean vehicle,26930.0,gray,  3n1ab7apxky263126,167615743,minnesota, usa,14 hours left
10700,nissan,sentra,2019,clean vehicle,40839.0,black,  3n1ab7ap7ky221626,167615744,minnesota, usa,14 hours left
16000,nissan,rogue,2018,clean vehicle,44732.0,no_color,  jn1butcp0jw1s4309,167753283,south carolina, usa,21 hours left
16600,nissan,rogue,2019,clean vehicle,19292.0,white,  5n1at2mt3kc829542,167615745,minnesota, usa,14 hours left
15800,nissan,sport,2019,clean vehicle,24155.0,gray,  jn1bj1cr4kw315960,167615746,minnesota, usa,14 hours left
11600,nissan,sentra,2019,clean vehicle,33369.0,black,  3n1ab7ap9kl608997,167615747,minnesota, usa,14 hours left
15000,nissan,rogue,2017,clean vehicle,28918.0,red,  jn8at2mv7hw264732,167753299,virginia, usa,21 hours left
17600,nissan,rogue,2019,clean vehicle,21623.0,blue,  knmat2mv3kp536609,167615748,minnesota, usa,14 hours left
36300,nissan,xd,2017,clean vehicle,16224.0,white,  1n6ba1f46hn535299,167753308,virginia, usa,21 hours left
15600,nissan,sport,2019,clean vehicle,26406.0,silver,  jn1bj1cr4kw325341,167615749,minnesota, usa,14 hours left
14000,nissan,rogue,2017,clean vehicle,27790.0,green,  knmat2mv8hp516090,167753310,virginia, usa,21 hours left
16600,nissan,rogue,2019,clean vehicle,19182.0,black,  knmat2mt6kp529541,167615750,minnesota, usa,14 hours left
12600,nissan,sentra,2017,clean vehicle,11837.0,gray,  3n1ab7ap1hy384412,167753312,tennessee, usa,21 hours left
20900,nissan,pathfinder,2019,clean vehicle,21774.0,black,  5n1dr2mm1kc635595,167615751,minnesota, usa,14 hours left
12700,nissan,door,2017,clean vehicle,17738.0,black,  1n4al3apxhc122728,167753319,tennessee, usa,21 hours left
15600,nissan,sport,2019,clean vehicle,27206.0,white,  jn1bj1cr3kw312158,167615752,minnesota, usa,14 hours left
18900,nissan,rogue,2019,clean vehicle,20508.0,silver,  5n1at2mt7kc832007,167615753,minnesota, usa,14 hours left
15700,nissan,sport,2019,clean vehicle,24987.0,blue,  jn1bj1cr6kw323624,167615754,minnesota, usa,14 hours left
21900,nissan,pathfinder,2019,clean vehicle,21273.0,gray,  5n1dr2mm6kc637875,167615755,minnesota, usa,14 hours left
21700,nissan,pathfinder,2019,clean vehicle,23863.0,black,  5n1dr2mm9kc621704,167615756,minnesota, usa,14 hours left
14600,nissan,rogue,2016,clean vehicle,31566.0,gray,  knmat2mv8gp727076,167753610,virginia, usa,21 hours left
12000,nissan,sentra,2019,clean vehicle,25261.0,gray,  3n1ab7ap2ky279224,167615757,minnesota, usa,14 hours left
21000,nissan,pathfinder,2019,clean vehicle,20628.0,silver,  5n1dr2mm3kc636893,167615758,minnesota, usa,14 hours left
12500,nissan,door,2017,clean vehicle,48765.0,blue,  1n4al3ap5hc144474,167754110,pennsylvania, usa,2 days left
15900,nissan,rogue,2019,clean vehicle,30645.0,silver,  knmat2mt9kp518680,167615759,minnesota, usa,14 hours left
11800,nissan,door,2017,clean vehicle,60158.0,red,  1n4al3ap1hc129888,167754120,pennsylvania, usa,3 days left
9900,nissan,versa,2019,clean vehicle,39985.0,blue,  3n1cn7ap9kl804020,167615760,minnesota, usa,14 hours left
10600,nissan,sentra,2018,clean vehicle,39208.0,black,  3n1ab7ap6jl660439,167615915,minnesota, usa,14 hours left
10100,nissan,sentra,2018,clean vehicle,45080.0,black,  3n1ab7ap1jy239344,167615916,minnesota, usa,14 hours left
13300,nissan,sport,2018,clean vehicle,39247.0,gray,  jn1bj1cr7jw262489,167615917,minnesota, usa,14 hours left
10100,nissan,sentra,2018,clean vehicle,46382.0,white,  3n1ab7ap7jy308330,167615920,minnesota, usa,14 hours left
10300,nissan,sentra,2018,clean vehicle,39893.0,black,  3n1ab7ap4jy297769,167615921,minnesota, usa,14 hours left
10300,nissan,sentra,2018,clean vehicle,41203.0,gray,  3n1ab7ap7jy307016,167615924,minnesota, usa,14 hours left
10300,nissan,sentra,2018,clean vehicle,40648.0,blue,  3n1ab7ap1jy308971,167615929,minnesota, usa,14 hours left
24000,nissan,murano,2018,clean vehicle,31551.0,gray,  5n1az2mhxjn157718,167615931,minnesota, usa,14 hours left
10400,nissan,sentra,2018,clean vehicle,38761.0,gray,  3n1ab7ap0jy322490,167615932,minnesota, usa,14 hours left
10200,nissan,sentra,2018,clean vehicle,42838.0,gray,  3n1ab7ap3jy324878,167615934,minnesota, usa,14 hours left
9500,nissan,versa,2018,clean vehicle,41557.0,blue,  3n1cn7ap6jl823820,167615935,minnesota, usa,14 hours left
10500,nissan,sentra,2018,clean vehicle,41136.0,black,  3n1ab7ap9jl662721,167615936,minnesota, usa,14 hours left
10500,nissan,sentra,2018,clean vehicle,41141.0,silver,  3n1ab7apxjl642008,167615937,minnesota, usa,14 hours left
3500,nissan,door,2016,clean vehicle,115716.0,blue,  1n4al3ap3gn379927,167754978,pennsylvania, usa,2 days left
9300,nissan,versa,2018,clean vehicle,52260.0,black,  3n1cn7ap6jl882723,167615938,minnesota, usa,14 hours left
14100,nissan,rogue,2016,clean vehicle,22041.0,silver,  knmat2mv4gp710291,167755074,pennsylvania, usa,2 days left
2425,nissan,door,2012,salvage insurance,161836.0,black,  jn8af5mr5ct111885,167616381,tennessee, usa,2 days left
925,nissan,door,2012,salvage insurance,83720.0,silver,  jn8as5mt4cw269429,167616386,tennessee, usa,2 days left
11000,nissan,rogue,2016,clean vehicle,37605.0,black,  knmat2mv1gp666895,167755079,pennsylvania, usa,2 days left
11000,nissan,rogue,2016,clean vehicle,63738.0,green,  knmat2mvxgp669049,167755083,pennsylvania, usa,18 hours left
2100,nissan,door,2013,salvage insurance,155704.0,silver,  5n1ar2mn3dc619753,167616437,tennessee, usa,2 days left
800,nissan,door,2012,salvage insurance,234792.0,black,  1n4al2ap9cc190456,167617515,florida, usa,2 days left
20400,nissan,pathfinder,2018,clean vehicle,24143.0,silver,  5n1dr2mn2jc625942,167755645,south carolina, usa,21 hours left
375,nissan,door,2017,salvage insurance,1.0,red,  3n1ce2cp0hl360793,167619908,north carolina, usa,2 days left
3000,nissan,door,2015,clean vehicle,132655.0,beige,  1n4al3ap4fn890836,167755716,pennsylvania, usa,2 days left
15100,nissan,rogue,2017,clean vehicle,28079.0,gray,  5n1at2mt7hc846000,167756005,south carolina, usa,21 hours left
4000,nissan,door,2015,salvage insurance,74906.0,silver,  3n1ab7ap9fl684869,167600173,north carolina, usa,8 days left
19500,nissan,door,2017,clean vehicle,53155.0,gray,  1n4aa6ap1hc373256,167756070,south carolina, usa,21 hours left
22600,nissan,titan,2017,clean vehicle,94258.0,gray,  1n6aa1e66hn506500,167756217,south carolina, usa,21 hours left
6500,nissan,door,2014,clean vehicle,65620.0,white,  5n1at2mv7ec872853,167756750,pennsylvania, usa,2 hours left
11800,nissan,door,2012,clean vehicle,92878.0,gray,  5n1aa0nc6cn602411,167757923,pennsylvania, usa,2 days left
20500,nissan,pathfinder,2017,clean vehicle,25918.0,white,  5n1dr2mm1hc690282,167760073,missouri, usa,4 days left
14200,nissan,rogue,2018,clean vehicle,37830.0,black,  knmat2mt9jp601489,167760120,ohio, usa,21 hours left
22000,nissan,frontier,2018,clean vehicle,13875.0,white,  1n6dd0ev1jn706650,167760125,ohio, usa,21 hours left
16200,nissan,frontier,2018,clean vehicle,6024.0,silver,  1n6bd0ct2jn715379,167760126,ohio, usa,21 hours left
4800,nissan,door,2016,salvage insurance,76789.0,gray,  1n4al3apxgn304206,167612538,texas, usa,17 hours left
16000,nissan,sport,2018,clean vehicle,30409.0,black,  jn1bj1cr2jw289275,167760153,ohio, usa,21 hours left
14300,nissan,sport,2018,clean vehicle,44864.0,gray,  jn1bj1cr3jw263168,167760154,ohio, usa,21 hours left
16800,nissan,pathfinder,2019,clean vehicle,42397.0,silver,  5n1dr2mn9kc600778,167715808,florida, usa,21 hours left
11900,nissan,sentra,2018,clean vehicle,16778.0,gray,  3n1ab7ap8jl635929,167760156,ohio, usa,21 hours left
3000,nissan,door,2015,salvage insurance,99767.0,gray,  3n1ab7ap5fy313713,167615607,south carolina, usa,2 days left
15000,nissan,rogue,2019,clean vehicle,34692.0,gray,  knmat2mt8kp524910,167715810,florida, usa,21 hours left
15200,nissan,rogue,2019,clean vehicle,30721.0,gray,  knmat2mt6kp525148,167715816,florida, usa,21 hours left
18000,nissan,door,2017,clean vehicle,53376.0,black,  1n4aa6apxhc456376,167760480,ohio, usa,21 hours left
22700,nissan,nvp,2016,clean vehicle,21282.0,white,  5bzbf0aa5gn855028,167760621,ohio, usa,21 hours left
3800,nissan,door,2015,clean vehicle,81699.0,blue,  3n1ab7ap8fy311793,167761429,texas, usa,5 days left
5475,nissan,door,2018,salvage insurance,33048.0,black,  1n4al3ap6jc271871,167623074,connecticut, usa,2 days left
11400,nissan,sentra,2018,clean vehicle,10372.0,blue,  3n1ab7apxjy272844,167761650,illinois, usa,21 hours left
28100,nissan,pathfinder,2018,clean vehicle,8889.0,silver,  5n1dr2mm3jc651473,167761668,illinois, usa,21 hours left
3500,nissan,sentra,2017,clean vehicle,127780.0,gray,  3n1ab7ap2hy357557,167761839,illinois, usa,21 hours left
15200,nissan,murano,2016,clean vehicle,59640.0,orange,  5n1az2mg0gn147411,167761998,illinois, usa,21 hours left
1950,nissan,door,2015,salvage insurance,83975.0,blue,  3n1ce2cp7fl440279,167631651,california, usa,2 days left
13400,nissan,rogue,2016,clean vehicle,46178.0,black,  knmat2mv3gp680121,167762003,illinois, usa,21 hours left
12500,nissan,altima,2018,clean vehicle,34460.0,gray,  1n4al3ap1jc193208,167762095,florida, usa,2 days left
16500,nissan,pathfinder,2018,clean vehicle,30594.0,black,  5n1dr2mm9jc667726,167762096,florida, usa,21 hours left
16500,nissan,pathfinder,2018,clean vehicle,39817.0,silver,  5n1dr2mm3jc649500,167762097,florida, usa,21 hours left
16500,nissan,pathfinder,2018,clean vehicle,40419.0,black,  5n1dr2mm9jc649808,167762098,florida, usa,21 hours left
13900,nissan,rogue,2018,clean vehicle,35493.0,black,  knmat2mt1jp582050,167762099,florida, usa,2 days left
13900,nissan,rogue,2018,clean vehicle,37073.0,gray,  knmat2mt6jp582724,167762100,florida, usa,21 hours left
1500,nissan,door,2013,salvage insurance,98384.0,black,  3n1ab7ap9dl691012,167652464,maryland, usa,3 days left
16500,nissan,pathfinder,2018,clean vehicle,34640.0,white,  5n1dr2mm5jc631645,167762101,florida, usa,21 hours left
13900,nissan,rogue,2018,clean vehicle,38760.0,white,  knmat2mt7jp582084,167762102,florida, usa,21 hours left
16500,nissan,pathfinder,2018,clean vehicle,34841.0,black,  5n1dr2mm0jc631567,167762103,florida, usa,2 days left
13900,nissan,rogue,2018,clean vehicle,35065.0,gray,  5n1at2mt8jc761351,167762104,florida, usa,2 days left
12400,nissan,altima,2018,clean vehicle,37741.0,black,  1n4al3apxjc193322,167762105,florida, usa,21 hours left
13000,nissan,altima,2018,clean vehicle,27488.0,gray,  1n4al3ap4jc153320,167762106,florida, usa,21 hours left
16500,nissan,pathfinder,2018,clean vehicle,37452.0,gray,  5n1dr2mm2jc632610,167762107,florida, usa,21 hours left
13900,nissan,rogue,2018,clean vehicle,39797.0,black,  knmat2mt2jp581604,167762108,florida, usa,21 hours left
16500,nissan,pathfinder,2018,clean vehicle,36714.0,black,  5n1dr2mm8jc627265,167762109,florida, usa,21 hours left
13900,nissan,rogue,2018,clean vehicle,36207.0,black,  5n1at2mt3jc761242,167762110,florida, usa,21 hours left
13900,nissan,rogue,2018,clean vehicle,38563.0,black,  knmat2mt4jp581457,167762111,florida, usa,21 hours left
13900,nissan,rogue,2018,clean vehicle,39885.0,silver,  5n1at2mt4jc764747,167762112,florida, usa,21 hours left
12100,nissan,altima,2018,clean vehicle,41852.0,silver,  1n4al3apxjc159820,167762113,florida, usa,21 hours left
16500,nissan,pathfinder,2018,clean vehicle,39454.0,silver,  5n1dr2mm6jc650009,167762116,florida, usa,21 hours left
16500,nissan,pathfinder,2018,clean vehicle,40203.0,blue,  5n1dr2mm3jc657841,167762117,florida, usa,21 hours left
13900,nissan,rogue,2018,clean vehicle,34547.0,white,  knmat2mtxjp581687,167762118,florida, usa,21 hours left
3700,nissan,door,2015,clean vehicle,75858.0,silver,  3n1ab7ap4fy228278,167762173,illinois, usa,2 days left
18800,nissan,pathfinder,2019,clean vehicle,31123.0,white,  5n1dr2mn9kc620299,167717945,north carolina, usa,21 hours left
9200,nissan,versa,2018,clean vehicle,33808.0,black,  3n1cn7ap3jl883781,167762207,florida, usa,2 days left
30100,nissan,titan,2019,clean vehicle,30599.0,black,  1n6aa1e56kn519701,167718010,north carolina, usa,21 hours left
9200,nissan,versa,2018,clean vehicle,33931.0,black,  3n1cn7ap5jl882616,167762208,florida, usa,2 days left
11100,nissan,sentra,2019,clean vehicle,40359.0,black,  3n1ab7apxkl613545,167718011,north carolina, usa,21 hours left
13900,nissan,rogue,2018,clean vehicle,44313.0,white,  knmat2mt8jp581980,167762209,florida, usa,21 hours left
9100,nissan,versa,2018,clean vehicle,33078.0,black,  3n1cn7ap0jl882846,167762210,florida, usa,21 hours left
22800,nissan,frontier,2019,clean vehicle,24320.0,black,  1n6ad0evxkn714086,167722343,illinois, usa,21 hours left
13900,nissan,rogue,2018,clean vehicle,42502.0,black,  knmat2mt3jp582048,167762211,florida, usa,21 hours left
12600,nissan,altima,2019,clean vehicle,33497.0,gray,  1n4bl4cv1kc171832,167722410,california, usa,1 days left
9200,nissan,versa,2018,clean vehicle,39577.0,silver,  3n1cn7ap7jl883833,167762212,florida, usa,2 days left
12100,nissan,altima,2019,clean vehicle,36974.0,gray,  1n4bl4cv8kc157345,167722413,california, usa,1 days left
9200,nissan,versa,2018,clean vehicle,41220.0,black,  3n1cn7ap6jl883130,167762213,florida, usa,21 hours left
2300,nissan,frontier,2019,clean vehicle,1.0,silver,  1n6ad0ev9kn786557,167722414,california, usa,1 days left
13900,nissan,rogue,2018,clean vehicle,41539.0,black,  knmat2mt4jp581250,167762214,florida, usa,21 hours left
9500,nissan,sentra,2019,clean vehicle,19646.0,black,  3n1ab7ap4ky350343,167722605,california, usa,1 days left
13900,nissan,rogue,2018,clean vehicle,39924.0,white,  knmat2mt6jp582092,167762218,florida, usa,21 hours left
1700,nissan,note,2019,clean vehicle,33279.0,red,  3n1ce2cp0kl363331,167722697,california, usa,1 days left
13900,nissan,rogue,2018,clean vehicle,40259.0,gray,  knmat2mt9jp582734,167762219,florida, usa,21 hours left
10400,nissan,sentra,2019,clean vehicle,25264.0,blue,  3n1ab7ap4ky323241,167722702,california, usa,1 days left
9200,nissan,versa,2018,clean vehicle,35677.0,black,  3n1cn7ap7jl882312,167762221,florida, usa,21 hours left
7400,nissan,versa,2019,clean vehicle,35511.0,black,  3n1cn7ap5kl841811,167722706,california, usa,1 days left
9200,nissan,versa,2018,clean vehicle,33027.0,black,  3n1cn7ap0jl883768,167762224,florida, usa,21 hours left
7800,nissan,versa,2019,clean vehicle,23609.0,red,  3n1cn7ap9kl880319,167722715,california, usa,1 days left
9200,nissan,versa,2018,clean vehicle,34553.0,silver,  3n1cn7ap5jl884088,167762225,florida, usa,21 hours left
9200,nissan,versa,2018,clean vehicle,31594.0,silver,  3n1cn7ap9jl884191,167762226,florida, usa,21 hours left
9200,nissan,versa,2018,clean vehicle,32557.0,black,  3n1cn7ap3jl883263,167762227,florida, usa,2 days left
9200,nissan,versa,2018,clean vehicle,31371.0,silver,  3n1cn7ap4jl884311,167762228,florida, usa,21 hours left
